iteration,Accuracy
0,0.994967543939348
1,0.9944284603813965
