iteration,Accuracy
0,0.9094703425497631
1,0.888325891246663
